id;created_at;updated_at;sgLinha;idlinha;horario;deleted_at
2;26/04/2022 18:28;26/04/2022 18:28;170;75;06:00;
3;26/04/2022 18:28;26/04/2022 18:28;170;75;07:25;
4;26/04/2022 18:28;26/04/2022 18:28;170;75;08:50;
5;26/04/2022 18:28;26/04/2022 18:28;170;75;10:15;
6;26/04/2022 18:28;26/04/2022 18:28;170;75;11:40;
7;26/04/2022 18:28;26/04/2022 18:28;170;75;13:05;
8;26/04/2022 18:28;26/04/2022 18:28;170;75;14:30;
9;26/04/2022 18:28;26/04/2022 18:28;170;75;15:55;
10;26/04/2022 18:28;26/04/2022 18:28;170;75;17:20;
11;26/04/2022 18:28;26/04/2022 18:28;170;75;18:45;
12;26/04/2022 18:28;26/04/2022 18:28;170;75;21:15;
13;26/04/2022 18:28;26/04/2022 18:28;270;68;06:00;
14;26/04/2022 18:28;26/04/2022 18:28;270;68;07:45;
15;26/04/2022 18:28;26/04/2022 18:28;270;68;09:30;
16;26/04/2022 18:28;26/04/2022 18:28;270;68;11:15;
17;26/04/2022 18:28;26/04/2022 18:28;270;68;13:00;
18;26/04/2022 18:28;26/04/2022 18:28;270;68;14:45;
19;26/04/2022 18:28;26/04/2022 18:28;270;68;16:30;
20;26/04/2022 18:28;26/04/2022 18:28;270;68;18:15;
21;26/04/2022 18:28;26/04/2022 18:28;270;68;21:45;
22;26/04/2022 18:28;26/04/2022 18:28;706;15;05:20;
23;26/04/2022 18:28;26/04/2022 18:28;706;15;05:40;
24;26/04/2022 18:28;26/04/2022 18:28;706;15;06:16;
25;26/04/2022 18:28;26/04/2022 18:28;706;15;06:44;
26;26/04/2022 18:28;26/04/2022 18:28;706;15;07:12;
27;26/04/2022 18:28;26/04/2022 18:28;706;15;07:40;
28;26/04/2022 18:28;26/04/2022 18:28;706;15;08:08;
29;26/04/2022 18:28;26/04/2022 18:28;706;15;08:36;
30;26/04/2022 18:28;26/04/2022 18:28;706;15;09:04;
31;26/04/2022 18:28;26/04/2022 18:28;706;15;09:32;
32;26/04/2022 18:28;26/04/2022 18:28;706;15;10:00;
33;26/04/2022 18:28;26/04/2022 18:28;706;15;10:28;
34;26/04/2022 18:28;26/04/2022 18:28;706;15;10:56;
35;26/04/2022 18:28;26/04/2022 18:28;706;15;11:24;
36;26/04/2022 18:28;26/04/2022 18:28;706;15;11:52;
37;26/04/2022 18:28;26/04/2022 18:28;706;15;12:37;
38;26/04/2022 18:28;26/04/2022 18:28;706;15;13:22;
39;26/04/2022 18:28;26/04/2022 18:28;706;15;14:07;
40;26/04/2022 18:28;26/04/2022 18:28;706;15;14:52;
41;26/04/2022 18:28;26/04/2022 18:28;706;15;15:37;
42;26/04/2022 18:28;26/04/2022 18:28;706;15;16:22;
43;26/04/2022 18:28;26/04/2022 18:28;706;15;17:07;
44;26/04/2022 18:28;26/04/2022 18:28;706;15;17:52;
45;26/04/2022 18:28;26/04/2022 18:28;706;15;19:00;
46;26/04/2022 18:28;26/04/2022 18:28;706;15;21:20;
47;26/04/2022 18:28;26/04/2022 18:28;711;12;05:50;
48;26/04/2022 18:28;26/04/2022 18:28;711;12;07:00;
49;26/04/2022 18:28;26/04/2022 18:28;711;12;08:10;
50;26/04/2022 18:28;26/04/2022 18:28;711;12;09:20;
51;26/04/2022 18:28;26/04/2022 18:28;711;12;10:30;
52;26/04/2022 18:28;26/04/2022 18:28;711;12;11:40;
53;26/04/2022 18:28;26/04/2022 18:28;711;12;12:50;
54;26/04/2022 18:28;26/04/2022 18:28;711;12;14:00;
55;26/04/2022 18:28;26/04/2022 18:28;711;12;15:10;
56;26/04/2022 18:28;26/04/2022 18:28;711;12;16:20;
57;26/04/2022 18:28;26/04/2022 18:28;711;12;17:30;
58;26/04/2022 18:28;26/04/2022 18:28;711;12;18:40;
59;26/04/2022 18:28;26/04/2022 18:28;711;12;21:00;
60;26/04/2022 18:28;26/04/2022 18:28;712;11;06:00;
61;26/04/2022 18:28;26/04/2022 18:28;712;11;08:30;
62;26/04/2022 18:28;26/04/2022 18:28;712;11;11:00;
63;26/04/2022 18:28;26/04/2022 18:28;712;11;13:20;
64;26/04/2022 18:28;26/04/2022 18:28;712;11;15:40;
65;26/04/2022 18:28;26/04/2022 18:28;712;11;17:50;
66;26/04/2022 18:28;26/04/2022 18:28;712;11;20:30;
67;26/04/2022 18:28;26/04/2022 18:28;714;9;06:30;
68;26/04/2022 18:28;26/04/2022 18:28;714;9;09:00;
69;26/04/2022 18:28;26/04/2022 18:28;714;9;11:30;
70;26/04/2022 18:28;26/04/2022 18:28;714;9;13:30;
71;26/04/2022 18:28;26/04/2022 18:28;714;9;16:00;
72;26/04/2022 18:28;26/04/2022 18:28;714;9;18:30;
73;26/04/2022 18:28;26/04/2022 18:28;714;9;21:00;
74;26/04/2022 18:28;26/04/2022 18:28;715;8;05:30;
75;26/04/2022 18:28;26/04/2022 18:28;715;8;06:40;
76;26/04/2022 18:28;26/04/2022 18:28;715;8;07:50;
77;26/04/2022 18:28;26/04/2022 18:28;715;8;09:00;
78;26/04/2022 18:28;26/04/2022 18:28;715;8;10:10;
79;26/04/2022 18:28;26/04/2022 18:28;715;8;11:20;
80;26/04/2022 18:28;26/04/2022 18:28;715;8;12:30;
81;26/04/2022 18:28;26/04/2022 18:28;715;8;13:40;
82;26/04/2022 18:28;26/04/2022 18:28;715;8;14:50;
83;26/04/2022 18:28;26/04/2022 18:28;715;8;16:00;
84;26/04/2022 18:28;26/04/2022 18:28;715;8;17:10;
85;26/04/2022 18:28;26/04/2022 18:28;715;8;18:20;
86;26/04/2022 18:28;26/04/2022 18:28;715;8;20:50;
87;26/04/2022 18:28;26/04/2022 18:28;801;6;06:30;
88;26/04/2022 18:28;26/04/2022 18:28;801;6;09:00;
89;26/04/2022 18:28;26/04/2022 18:28;801;6;11:30;
90;26/04/2022 18:28;26/04/2022 18:28;801;6;13:30;
91;26/04/2022 18:28;26/04/2022 18:28;801;6;15:30;
92;26/04/2022 18:28;26/04/2022 18:28;801;6;18:00;
93;26/04/2022 18:28;26/04/2022 18:28;801;6;20:20;
94;26/04/2022 18:28;26/04/2022 18:28;360;64;05:30;
95;26/04/2022 18:28;26/04/2022 18:28;360;64;06:00;
96;26/04/2022 18:28;26/04/2022 18:28;360;64;06:10;
97;26/04/2022 18:28;26/04/2022 18:28;360;64;07:15;
98;26/04/2022 18:28;26/04/2022 18:28;360;64;07:45;
99;26/04/2022 18:28;26/04/2022 18:28;360;64;07:50;
100;26/04/2022 18:28;26/04/2022 18:28;360;64;09:30;
101;26/04/2022 18:28;26/04/2022 18:28;360;64;09:50;
102;26/04/2022 18:28;26/04/2022 18:28;360;64;11:25;
103;26/04/2022 18:28;26/04/2022 18:28;360;64;13:00;
104;26/04/2022 18:28;26/04/2022 18:28;360;64;14:45;
105;26/04/2022 18:28;26/04/2022 18:28;360;64;16:30;
106;26/04/2022 18:28;26/04/2022 18:28;360;64;18:15;
107;26/04/2022 18:28;26/04/2022 18:28;615;31;06:00;
108;26/04/2022 18:28;26/04/2022 18:28;615;31;08:30;
109;26/04/2022 18:28;26/04/2022 18:28;615;31;11:00;
110;26/04/2022 18:28;26/04/2022 18:28;615;31;15:00;
111;26/04/2022 18:28;26/04/2022 18:28;615;31;18:00;
112;26/04/2022 18:28;26/04/2022 18:28;615;31;21:30;
113;26/04/2022 18:28;26/04/2022 18:28;613;33;05:00;
114;26/04/2022 18:28;26/04/2022 18:28;613;33;05:35;
115;26/04/2022 18:28;26/04/2022 18:28;613;33;06:10;
116;26/04/2022 18:28;26/04/2022 18:28;613;33;07:20;
117;26/04/2022 18:28;26/04/2022 18:28;613;33;07:40;
118;26/04/2022 18:28;26/04/2022 18:28;613;33;08:30;
119;26/04/2022 18:28;26/04/2022 18:28;613;33;09:40;
120;26/04/2022 18:28;26/04/2022 18:28;613;33;11:00;
121;26/04/2022 18:28;26/04/2022 18:28;613;33;11:50;
122;26/04/2022 18:28;26/04/2022 18:28;613;33;14:00;
123;26/04/2022 18:28;26/04/2022 18:28;613;33;15:00;
124;26/04/2022 18:28;26/04/2022 18:28;613;33;16:30;
125;26/04/2022 18:28;26/04/2022 18:28;613;33;18:00;
126;26/04/2022 18:28;26/04/2022 18:28;613;33;21:20;
127;26/04/2022 18:28;26/04/2022 18:28;688;20;05:00;
128;26/04/2022 18:28;26/04/2022 18:28;688;20;05:35;
129;26/04/2022 18:28;26/04/2022 18:28;688;20;06:10;
130;26/04/2022 18:28;26/04/2022 18:28;688;20;07:20;
131;26/04/2022 18:28;26/04/2022 18:28;688;20;07:40;
132;26/04/2022 18:28;26/04/2022 18:28;688;20;08:30;
133;26/04/2022 18:28;26/04/2022 18:28;688;20;09:40;
134;26/04/2022 18:28;26/04/2022 18:28;688;20;11:00;
135;26/04/2022 18:28;26/04/2022 18:28;688;20;11:50;
136;26/04/2022 18:28;26/04/2022 18:28;688;20;14:00;
137;26/04/2022 18:28;26/04/2022 18:28;688;20;15:00;
138;26/04/2022 18:28;26/04/2022 18:28;688;20;16:30;
139;26/04/2022 18:28;26/04/2022 18:28;688;20;18:00;
140;26/04/2022 18:28;26/04/2022 18:28;688;20;21:20;
141;26/04/2022 18:28;26/04/2022 18:28;614;32;06:00;
142;26/04/2022 18:28;26/04/2022 18:28;614;32;08:30;
143;26/04/2022 18:28;26/04/2022 18:28;614;32;11:00;
144;26/04/2022 18:28;26/04/2022 18:28;614;32;16:00;
145;26/04/2022 18:28;26/04/2022 18:28;614;32;18:30;
146;26/04/2022 18:28;26/04/2022 18:28;614;32;21:30;
147;26/04/2022 18:28;26/04/2022 18:28;617;29;06:00;
148;26/04/2022 18:28;26/04/2022 18:28;617;29;08:30;
149;26/04/2022 18:28;26/04/2022 18:28;617;29;11:00;
150;26/04/2022 18:28;26/04/2022 18:28;617;29;15:00;
151;26/04/2022 18:28;26/04/2022 18:28;617;29;18:00;
152;26/04/2022 18:28;26/04/2022 18:28;617;29;21:20;
153;26/04/2022 18:28;26/04/2022 18:28;618;28;06:00;
154;26/04/2022 18:28;26/04/2022 18:28;618;28;08:30;
155;26/04/2022 18:28;26/04/2022 18:28;618;28;11:00;
156;26/04/2022 18:28;26/04/2022 18:28;618;28;15:00;
157;26/04/2022 18:28;26/04/2022 18:28;618;28;18:00;
158;26/04/2022 18:28;26/04/2022 18:28;618;28;21:20;
159;26/04/2022 18:28;26/04/2022 18:28;620;26;06:00;
160;26/04/2022 18:28;26/04/2022 18:28;620;26;08:30;
161;26/04/2022 18:28;26/04/2022 18:28;620;26;11:00;
162;26/04/2022 18:28;26/04/2022 18:28;620;26;14:00;
163;26/04/2022 18:28;26/04/2022 18:28;620;26;16:30;
164;26/04/2022 18:28;26/04/2022 18:28;620;26;19:20;
165;26/04/2022 18:28;26/04/2022 18:28;621;25;05:00;
166;26/04/2022 18:28;26/04/2022 18:28;621;25;05:25;
167;26/04/2022 18:28;26/04/2022 18:28;621;25;05:40;
168;26/04/2022 18:28;26/04/2022 18:28;621;25;05:50;
169;26/04/2022 18:28;26/04/2022 18:28;621;25;06:13;
170;26/04/2022 18:28;26/04/2022 18:28;621;25;06:26;
171;26/04/2022 18:28;26/04/2022 18:28;621;25;06:49;
172;26/04/2022 18:28;26/04/2022 18:28;621;25;07:12;
173;26/04/2022 18:28;26/04/2022 18:28;621;25;07:35;
174;26/04/2022 18:28;26/04/2022 18:28;621;25;07:58;
175;26/04/2022 18:28;26/04/2022 18:28;621;25;08:10;
176;26/04/2022 18:28;26/04/2022 18:28;621;25;08:21;
177;26/04/2022 18:28;26/04/2022 18:28;621;25;08:44;
178;26/04/2022 18:28;26/04/2022 18:28;621;25;09:07;
179;26/04/2022 18:28;26/04/2022 18:28;621;25;09:30;
180;26/04/2022 18:28;26/04/2022 18:28;621;25;09:53;
181;26/04/2022 18:28;26/04/2022 18:28;621;25;10:16;
182;26/04/2022 18:28;26/04/2022 18:28;621;25;10:39;
183;26/04/2022 18:28;26/04/2022 18:28;621;25;11:12;
184;26/04/2022 18:28;26/04/2022 18:28;621;25;11:35;
185;26/04/2022 18:28;26/04/2022 18:28;621;25;12:20;
186;26/04/2022 18:28;26/04/2022 18:28;621;25;13:15;
187;26/04/2022 18:28;26/04/2022 18:28;621;25;13:50;
188;26/04/2022 18:28;26/04/2022 18:28;621;25;14:35;
189;26/04/2022 18:28;26/04/2022 18:28;621;25;15:20;
190;26/04/2022 18:28;26/04/2022 18:28;621;25;15:55;
191;26/04/2022 18:28;26/04/2022 18:28;621;25;16:25;
192;26/04/2022 18:28;26/04/2022 18:28;621;25;16:50;
193;26/04/2022 18:28;26/04/2022 18:28;621;25;17:25;
194;26/04/2022 18:28;26/04/2022 18:28;621;25;18:00;
195;26/04/2022 18:28;26/04/2022 18:28;621;25;18:50;
196;26/04/2022 18:28;26/04/2022 18:28;621;25;21:20;
197;26/04/2022 18:28;26/04/2022 18:28;623;23;05:30;
198;26/04/2022 18:28;26/04/2022 18:28;623;23;06:10;
199;26/04/2022 18:28;26/04/2022 18:28;623;23;07:15;
200;26/04/2022 18:28;26/04/2022 18:28;623;23;08:40;
201;26/04/2022 18:28;26/04/2022 18:28;623;23;11:10;
202;26/04/2022 18:28;26/04/2022 18:28;623;23;13:50;
203;26/04/2022 18:28;26/04/2022 18:28;623;23;15:50;
204;26/04/2022 18:28;26/04/2022 18:28;623;23;18:20;
205;26/04/2022 18:28;26/04/2022 18:28;623;23;20:55;
206;26/04/2022 18:28;26/04/2022 18:28;616;30;05:30;
207;26/04/2022 18:28;26/04/2022 18:28;616;30;06:00;
208;26/04/2022 18:28;26/04/2022 18:28;616;30;07:00;
209;26/04/2022 18:28;26/04/2022 18:28;616;30;08:30;
210;26/04/2022 18:28;26/04/2022 18:28;616;30;09:30;
211;26/04/2022 18:28;26/04/2022 18:28;616;30;10:30;
212;26/04/2022 18:28;26/04/2022 18:28;616;30;12:30;
213;26/04/2022 18:28;26/04/2022 18:28;616;30;14:30;
214;26/04/2022 18:28;26/04/2022 18:28;616;30;16:30;
215;26/04/2022 18:28;26/04/2022 18:28;616;30;18:30;
216;26/04/2022 18:28;26/04/2022 18:28;627;21;05:20;
217;26/04/2022 18:28;26/04/2022 18:28;627;21;06:00;
218;26/04/2022 18:28;26/04/2022 18:28;627;21;06:30;
219;26/04/2022 18:28;26/04/2022 18:28;627;21;07:40;
220;26/04/2022 18:28;26/04/2022 18:28;627;21;08:10;
221;26/04/2022 18:28;26/04/2022 18:28;627;21;08:50;
222;26/04/2022 18:28;26/04/2022 18:28;627;21;10:00;
223;26/04/2022 18:28;26/04/2022 18:28;627;21;11:10;
224;26/04/2022 18:28;26/04/2022 18:28;627;21;12:20;
225;26/04/2022 18:28;26/04/2022 18:28;627;21;14:40;
226;26/04/2022 18:28;26/04/2022 18:28;627;21;16:00;
227;26/04/2022 18:28;26/04/2022 18:28;627;21;17:00;
228;26/04/2022 18:28;26/04/2022 18:28;627;21;18:20;
229;26/04/2022 18:28;26/04/2022 18:28;627;21;21:20;
230;26/04/2022 18:28;26/04/2022 18:28;625;22;05:40;
231;26/04/2022 18:28;26/04/2022 18:28;625;22;06:30;
232;26/04/2022 18:28;26/04/2022 18:28;625;22;08:10;
233;26/04/2022 18:28;26/04/2022 18:28;625;22;09:00;
234;26/04/2022 18:28;26/04/2022 18:28;625;22;11:30;
235;26/04/2022 18:28;26/04/2022 18:28;625;22;15:00;
236;26/04/2022 18:28;26/04/2022 18:28;625;22;18:00;
237;26/04/2022 18:28;26/04/2022 18:28;625;22;21:20;
238;26/04/2022 18:28;26/04/2022 18:28;100;;06:00;
239;26/04/2022 18:28;26/04/2022 18:28;100;;07:00;
240;26/04/2022 18:28;26/04/2022 18:28;100;;08:00;
241;26/04/2022 18:28;26/04/2022 18:28;100;;09:00;
242;26/04/2022 18:28;26/04/2022 18:28;100;;10:00;
243;26/04/2022 18:28;26/04/2022 18:28;100;;11:00;
244;26/04/2022 18:28;26/04/2022 18:28;100;;12:00;
245;26/04/2022 18:28;26/04/2022 18:28;100;;13:00;
246;26/04/2022 18:28;26/04/2022 18:28;100;;14:00;
247;26/04/2022 18:28;26/04/2022 18:28;100;;15:00;
248;26/04/2022 18:28;26/04/2022 18:28;100;;16:00;
249;26/04/2022 18:28;26/04/2022 18:28;100;;17:00;
250;26/04/2022 18:28;26/04/2022 18:28;100;;19:00;
251;26/04/2022 18:28;26/04/2022 18:28;100;;21:00;
252;26/04/2022 18:28;26/04/2022 18:28;327;;05:50;
253;26/04/2022 18:28;26/04/2022 18:28;327;;08:30;
254;26/04/2022 18:28;26/04/2022 18:28;327;;11:00;
255;26/04/2022 18:28;26/04/2022 18:28;327;;13:30;
256;26/04/2022 18:28;26/04/2022 18:28;327;;16:00;
257;26/04/2022 18:28;26/04/2022 18:28;327;;18:30;
258;26/04/2022 18:28;26/04/2022 18:28;505;56;05:30;
259;26/04/2022 18:28;26/04/2022 18:28;505;56;06:05;
260;26/04/2022 18:28;26/04/2022 18:28;505;56;06:40;
261;26/04/2022 18:28;26/04/2022 18:28;505;56;07:15;
262;26/04/2022 18:28;26/04/2022 18:28;505;56;07:50;
263;26/04/2022 18:28;26/04/2022 18:28;505;56;08:25;
264;26/04/2022 18:28;26/04/2022 18:28;505;56;09:00;
265;26/04/2022 18:28;26/04/2022 18:28;505;56;09:35;
266;26/04/2022 18:28;26/04/2022 18:28;505;56;10:10;
267;26/04/2022 18:28;26/04/2022 18:28;505;56;10:45;
268;26/04/2022 18:28;26/04/2022 18:28;505;56;11:20;
269;26/04/2022 18:28;26/04/2022 18:28;505;56;11:55;
270;26/04/2022 18:28;26/04/2022 18:28;505;56;12:30;
271;26/04/2022 18:28;26/04/2022 18:28;505;56;13:15;
272;26/04/2022 18:28;26/04/2022 18:28;505;56;14:00;
273;26/04/2022 18:28;26/04/2022 18:28;505;56;14:45;
274;26/04/2022 18:28;26/04/2022 18:28;505;56;15:30;
275;26/04/2022 18:28;26/04/2022 18:28;505;56;16:15;
276;26/04/2022 18:28;26/04/2022 18:28;505;56;17:00;
277;26/04/2022 18:28;26/04/2022 18:28;505;56;17:55;
278;26/04/2022 18:28;26/04/2022 18:28;505;56;18:50;
279;26/04/2022 18:28;26/04/2022 18:28;505;56;21:00;
280;26/04/2022 18:28;26/04/2022 18:28;506;55;05:50;
281;26/04/2022 18:28;26/04/2022 18:28;506;55;06:33;
282;26/04/2022 18:28;26/04/2022 18:28;506;55;08:33;
283;26/04/2022 18:28;26/04/2022 18:28;506;55;07:16;
284;26/04/2022 18:28;26/04/2022 18:28;506;55;08:00;
285;26/04/2022 18:28;26/04/2022 18:28;506;55;08:43;
286;26/04/2022 18:28;26/04/2022 18:28;506;55;09:26;
287;26/04/2022 18:28;26/04/2022 18:28;506;55;10:26;
288;26/04/2022 18:28;26/04/2022 18:28;506;55;11:26;
289;26/04/2022 18:28;26/04/2022 18:28;506;55;12:26;
290;26/04/2022 18:28;26/04/2022 18:28;506;55;13:26;
291;26/04/2022 18:28;26/04/2022 18:28;506;55;14:26;
292;26/04/2022 18:28;26/04/2022 18:28;506;55;15:26;
293;26/04/2022 18:28;26/04/2022 18:28;506;55;16:10;
294;26/04/2022 18:28;26/04/2022 18:28;506;55;16:53;
295;26/04/2022 18:28;26/04/2022 18:28;506;55;17:36;
296;26/04/2022 18:28;26/04/2022 18:28;506;55;18:20;
297;26/04/2022 18:28;26/04/2022 18:28;506;55;19:03;
298;26/04/2022 18:28;26/04/2022 18:28;506;55;21:05;
299;26/04/2022 18:28;26/04/2022 18:28;507;54;05:00;
300;26/04/2022 18:28;26/04/2022 18:28;507;54;05:30;
301;26/04/2022 18:28;26/04/2022 18:28;507;54;06:00;
302;26/04/2022 18:28;26/04/2022 18:28;507;54;06:25;
303;26/04/2022 18:28;26/04/2022 18:28;507;54;06:50;
304;26/04/2022 18:28;26/04/2022 18:28;507;54;07:16;
305;26/04/2022 18:28;26/04/2022 18:28;507;54;07:42;
306;26/04/2022 18:28;26/04/2022 18:28;507;54;08:08;
307;26/04/2022 18:28;26/04/2022 18:28;507;54;08:34;
308;26/04/2022 18:28;26/04/2022 18:28;507;54;09:00;
309;26/04/2022 18:28;26/04/2022 18:28;507;54;09:26;
310;26/04/2022 18:28;26/04/2022 18:28;507;54;09:52;
311;26/04/2022 18:28;26/04/2022 18:28;507;54;10:18;
312;26/04/2022 18:28;26/04/2022 18:28;507;54;10:44;
313;26/04/2022 18:28;26/04/2022 18:28;507;54;11:10;
314;26/04/2022 18:28;26/04/2022 18:28;507;54;11:36;
315;26/04/2022 18:28;26/04/2022 18:28;507;54;12:02;
316;26/04/2022 18:28;26/04/2022 18:28;507;54;12:28;
317;26/04/2022 18:28;26/04/2022 18:28;507;54;12:54;
318;26/04/2022 18:28;26/04/2022 18:28;507;54;13:20;
319;26/04/2022 18:28;26/04/2022 18:28;507;54;13:52;
320;26/04/2022 18:28;26/04/2022 18:28;507;54;14:24;
321;26/04/2022 18:28;26/04/2022 18:28;507;54;14:56;
322;26/04/2022 18:28;26/04/2022 18:28;507;54;15:28;
323;26/04/2022 18:28;26/04/2022 18:28;507;54;16:00;
324;26/04/2022 18:28;26/04/2022 18:28;507;54;16:34;
325;26/04/2022 18:28;26/04/2022 18:28;507;54;17:08;
326;26/04/2022 18:28;26/04/2022 18:28;507;54;17:42;
327;26/04/2022 18:28;26/04/2022 18:28;507;54;18:16;
328;26/04/2022 18:28;26/04/2022 18:28;507;54;19:00;
329;26/04/2022 18:28;26/04/2022 18:28;507;54;21:00;
330;26/04/2022 18:28;26/04/2022 18:28;515;49;06:20;
331;26/04/2022 18:28;26/04/2022 18:28;515;49;09:00;
332;26/04/2022 18:28;26/04/2022 18:28;515;49;11:20;
333;26/04/2022 18:28;26/04/2022 18:28;515;49;14:50;
334;26/04/2022 18:28;26/04/2022 18:28;515;49;17:10;
335;26/04/2022 18:28;26/04/2022 18:28;515;49;19:30;
336;26/04/2022 18:28;26/04/2022 18:28;515;49;21:30;
337;26/04/2022 18:28;26/04/2022 18:28;601;43;05:50;
338;26/04/2022 18:28;26/04/2022 18:28;601;43;06:48;
339;26/04/2022 18:28;26/04/2022 18:28;601;43;07:46;
340;26/04/2022 18:28;26/04/2022 18:28;601;43;08:44;
341;26/04/2022 18:28;26/04/2022 18:28;601;43;09:42;
342;26/04/2022 18:28;26/04/2022 18:28;601;43;10:40;
343;26/04/2022 18:28;26/04/2022 18:28;601;43;11:38;
344;26/04/2022 18:28;26/04/2022 18:28;601;43;12:36;
345;26/04/2022 18:28;26/04/2022 18:28;601;43;13:34;
346;26/04/2022 18:28;26/04/2022 18:28;601;43;14:32;
347;26/04/2022 18:28;26/04/2022 18:28;601;43;15:30;
348;26/04/2022 18:28;26/04/2022 18:28;601;43;16:28;
349;26/04/2022 18:28;26/04/2022 18:28;601;43;17:26;
350;26/04/2022 18:28;26/04/2022 18:28;601;43;18:25;
351;26/04/2022 18:28;26/04/2022 18:28;601;43;20:00;
352;26/04/2022 18:28;26/04/2022 18:28;602;42;06:00;
353;26/04/2022 18:28;26/04/2022 18:28;602;42;07:45;
354;26/04/2022 18:28;26/04/2022 18:28;602;42;09:30;
355;26/04/2022 18:28;26/04/2022 18:28;602;42;11:15;
356;26/04/2022 18:28;26/04/2022 18:28;602;42;13:00;
357;26/04/2022 18:28;26/04/2022 18:28;602;42;14:45;
358;26/04/2022 18:28;26/04/2022 18:28;602;42;16:30;
359;26/04/2022 18:28;26/04/2022 18:28;602;42;18:15;
360;26/04/2022 18:28;26/04/2022 18:28;611;35;06:00;
361;26/04/2022 18:28;26/04/2022 18:28;611;35;07:05;
362;26/04/2022 18:28;26/04/2022 18:28;611;35;08:10;
363;26/04/2022 18:28;26/04/2022 18:28;611;35;09:15;
364;26/04/2022 18:28;26/04/2022 18:28;611;35;10:20;
365;26/04/2022 18:28;26/04/2022 18:28;611;35;11:25;
366;26/04/2022 18:28;26/04/2022 18:28;611;35;12:30;
367;26/04/2022 18:28;26/04/2022 18:28;611;35;14:40;
368;26/04/2022 18:28;26/04/2022 18:28;611;35;15:45;
369;26/04/2022 18:28;26/04/2022 18:28;611;35;16:50;
370;26/04/2022 18:28;26/04/2022 18:28;611;35;17:55;
371;26/04/2022 18:28;26/04/2022 18:28;611;35;19:00;
372;26/04/2022 18:28;26/04/2022 18:28;611;35;21:00;
373;26/04/2022 18:28;26/04/2022 18:28;619;27;05:20;
374;26/04/2022 18:28;26/04/2022 18:28;619;27;06:06;
375;26/04/2022 18:28;26/04/2022 18:28;619;27;06:52;
376;26/04/2022 18:28;26/04/2022 18:28;619;27;07:38;
377;26/04/2022 18:28;26/04/2022 18:28;619;27;08:26;
378;26/04/2022 18:28;26/04/2022 18:28;619;27;09:14;
379;26/04/2022 18:28;26/04/2022 18:28;619;27;10:02;
380;26/04/2022 18:28;26/04/2022 18:28;619;27;10:50;
381;26/04/2022 18:28;26/04/2022 18:28;619;27;11:38;
382;26/04/2022 18:28;26/04/2022 18:28;619;27;12:26;
383;26/04/2022 18:28;26/04/2022 18:28;619;27;13:14;
384;26/04/2022 18:28;26/04/2022 18:28;619;27;14:02;
385;26/04/2022 18:28;26/04/2022 18:28;619;27;14:50;
386;26/04/2022 18:28;26/04/2022 18:28;619;27;15:38;
387;26/04/2022 18:28;26/04/2022 18:28;619;27;16:26;
388;26/04/2022 18:28;26/04/2022 18:28;619;27;17:14;
389;26/04/2022 18:28;26/04/2022 18:28;619;27;18:02;
390;26/04/2022 18:28;26/04/2022 18:28;619;27;18:50;
391;26/04/2022 18:28;26/04/2022 18:28;619;27;20:42;
392;26/04/2022 18:28;26/04/2022 18:28;702;19;06:10;
393;26/04/2022 18:28;26/04/2022 18:28;702;19;07:05;
394;26/04/2022 18:28;26/04/2022 18:28;702;19;08:00;
395;26/04/2022 18:28;26/04/2022 18:28;702;19;09:50;
396;26/04/2022 18:28;26/04/2022 18:28;702;19;11:40;
397;26/04/2022 18:28;26/04/2022 18:28;702;19;13:30;
398;26/04/2022 18:28;26/04/2022 18:28;702;19;15:20;
399;26/04/2022 18:28;26/04/2022 18:28;702;19;16:15;
400;26/04/2022 18:28;26/04/2022 18:28;702;19;17:10;
401;26/04/2022 18:28;26/04/2022 18:28;702;19;18:05;
402;26/04/2022 18:28;26/04/2022 18:28;702;19;20:40;
403;26/04/2022 18:28;26/04/2022 18:28;703;18;05:50;
404;26/04/2022 18:28;26/04/2022 18:28;703;18;07:15;
405;26/04/2022 18:28;26/04/2022 18:28;703;18;08:40;
406;26/04/2022 18:28;26/04/2022 18:28;703;18;10:05;
407;26/04/2022 18:28;26/04/2022 18:28;703;18;11:30;
408;26/04/2022 18:28;26/04/2022 18:28;703;18;12:55;
409;26/04/2022 18:28;26/04/2022 18:28;703;18;14:20;
410;26/04/2022 18:28;26/04/2022 18:28;703;18;15:45;
411;26/04/2022 18:28;26/04/2022 18:28;703;18;17:10;
412;26/04/2022 18:28;26/04/2022 18:28;703;18;18:35;
413;26/04/2022 18:28;26/04/2022 18:28;704;17;06:20;
414;26/04/2022 18:28;26/04/2022 18:28;704;17;08:40;
415;26/04/2022 18:28;26/04/2022 18:28;704;17;11:00;
416;26/04/2022 18:28;26/04/2022 18:28;704;17;13:20;
417;26/04/2022 18:28;26/04/2022 18:28;704;17;15:40;
418;26/04/2022 18:28;26/04/2022 18:28;704;17;18:00;
419;26/04/2022 18:28;26/04/2022 18:28;705;16;06:50;
420;26/04/2022 18:28;26/04/2022 18:28;705;16;08:10;
421;26/04/2022 18:28;26/04/2022 18:28;705;16;09:30;
422;26/04/2022 18:28;26/04/2022 18:28;705;16;10:50;
423;26/04/2022 18:28;26/04/2022 18:28;705;16;12:10;
424;26/04/2022 18:28;26/04/2022 18:28;705;16;13:30;
425;26/04/2022 18:28;26/04/2022 18:28;705;16;14:50;
426;26/04/2022 18:28;26/04/2022 18:28;705;16;16:10;
427;26/04/2022 18:28;26/04/2022 18:28;705;16;17:30;
428;26/04/2022 18:28;26/04/2022 18:28;705;16;18:50;
429;26/04/2022 18:28;26/04/2022 18:28;705;16;21:00;
430;26/04/2022 18:28;26/04/2022 18:28;710;13;05:50;
431;26/04/2022 18:28;26/04/2022 18:28;710;13;06:40;
432;26/04/2022 18:28;26/04/2022 18:28;710;13;07:30;
433;26/04/2022 18:28;26/04/2022 18:28;710;13;08:20;
434;26/04/2022 18:28;26/04/2022 18:28;710;13;09:10;
435;26/04/2022 18:28;26/04/2022 18:28;710;13;10:00;
436;26/04/2022 18:28;26/04/2022 18:28;710;13;10:50;
437;26/04/2022 18:28;26/04/2022 18:28;710;13;11:40;
438;26/04/2022 18:28;26/04/2022 18:28;710;13;12:30;
439;26/04/2022 18:28;26/04/2022 18:28;710;13;13:20;
440;26/04/2022 18:28;26/04/2022 18:28;710;13;14:10;
441;26/04/2022 18:28;26/04/2022 18:28;710;13;15:50;
442;26/04/2022 18:28;26/04/2022 18:28;710;13;16:40;
443;26/04/2022 18:28;26/04/2022 18:28;710;13;17:30;
444;26/04/2022 18:28;26/04/2022 18:28;710;13;20:50;
445;26/04/2022 18:28;26/04/2022 18:28;508;53;06:50;
446;26/04/2022 18:28;26/04/2022 18:28;508;53;08:50;
447;26/04/2022 18:28;26/04/2022 18:28;508;53;10:50;
448;26/04/2022 18:28;26/04/2022 18:28;508;53;12:50;
449;26/04/2022 18:28;26/04/2022 18:28;508;53;14:50;
450;26/04/2022 18:28;26/04/2022 18:28;508;53;16:50;
451;26/04/2022 18:28;26/04/2022 18:28;508;53;18:50;
452;26/04/2022 18:28;26/04/2022 18:28;508;53;20:50;
453;26/04/2022 18:28;26/04/2022 18:28;510;51;05:45;
454;26/04/2022 18:28;26/04/2022 18:28;510;51;06:40;
455;26/04/2022 18:28;26/04/2022 18:28;510;51;07:35;
456;26/04/2022 18:28;26/04/2022 18:28;510;51;08:30;
457;26/04/2022 18:28;26/04/2022 18:28;510;51;09:28;
458;26/04/2022 18:28;26/04/2022 18:28;510;51;10:26;
459;26/04/2022 18:28;26/04/2022 18:28;510;51;11:24;
460;26/04/2022 18:28;26/04/2022 18:28;510;51;12:22;
461;26/04/2022 18:28;26/04/2022 18:28;510;51;13:20;
462;26/04/2022 18:28;26/04/2022 18:28;510;51;14:18;
463;26/04/2022 18:28;26/04/2022 18:28;510;51;15:16;
464;26/04/2022 18:28;26/04/2022 18:28;510;51;16:14;
465;26/04/2022 18:28;26/04/2022 18:28;510;51;17:12;
466;26/04/2022 18:28;26/04/2022 18:28;510;51;18:10;
467;26/04/2022 18:28;26/04/2022 18:28;510;51;19:08;
468;26/04/2022 18:28;26/04/2022 18:28;510;51;20:06;
469;26/04/2022 18:28;26/04/2022 18:28;520;46;05:50;
470;26/04/2022 18:28;26/04/2022 18:28;520;46;06:17;
471;26/04/2022 18:28;26/04/2022 18:28;520;46;06:45;
472;26/04/2022 18:28;26/04/2022 18:28;520;46;07:12;
473;26/04/2022 18:28;26/04/2022 18:28;520;46;07:40;
474;26/04/2022 18:28;26/04/2022 18:28;520;46;08:07;
475;26/04/2022 18:28;26/04/2022 18:28;520;46;08:35;
476;26/04/2022 18:28;26/04/2022 18:28;520;46;09:02;
477;26/04/2022 18:28;26/04/2022 18:28;520;46;09:35;
478;26/04/2022 18:28;26/04/2022 18:28;520;46;10:09;
479;26/04/2022 18:28;26/04/2022 18:28;520;46;10:42;
480;26/04/2022 18:28;26/04/2022 18:28;520;46;11:15;
481;26/04/2022 18:28;26/04/2022 18:28;520;46;11:49;
482;26/04/2022 18:28;26/04/2022 18:28;520;46;12:22;
483;26/04/2022 18:28;26/04/2022 18:28;520;46;12:55;
484;26/04/2022 18:28;26/04/2022 18:28;520;46;13:29;
485;26/04/2022 18:28;26/04/2022 18:28;520;46;14:02;
486;26/04/2022 18:28;26/04/2022 18:28;520;46;14:35;
487;26/04/2022 18:28;26/04/2022 18:28;520;46;15:03;
488;26/04/2022 18:28;26/04/2022 18:28;520;46;15:30;
489;26/04/2022 18:28;26/04/2022 18:28;520;46;15:58;
490;26/04/2022 18:28;26/04/2022 18:28;520;46;16:25;
491;26/04/2022 18:28;26/04/2022 18:28;520;46;16:53;
492;26/04/2022 18:28;26/04/2022 18:28;520;46;17:20;
493;26/04/2022 18:28;26/04/2022 18:28;520;46;17:48;
494;26/04/2022 18:28;26/04/2022 18:28;520;46;18:15;
495;26/04/2022 18:28;26/04/2022 18:28;520;46;18:43;
496;26/04/2022 18:28;26/04/2022 18:28;520;46;19:30;
497;26/04/2022 18:28;26/04/2022 18:28;603;41;05:20;
498;26/04/2022 18:28;26/04/2022 18:28;603;41;06:15;
499;26/04/2022 18:28;26/04/2022 18:28;603;41;07:10;
500;26/04/2022 18:28;26/04/2022 18:28;603;41;08:05;
501;26/04/2022 18:28;26/04/2022 18:28;603;41;09:00;
502;26/04/2022 18:28;26/04/2022 18:28;603;41;09:58;
503;26/04/2022 18:28;26/04/2022 18:28;603;41;10:56;
504;26/04/2022 18:28;26/04/2022 18:28;603;41;11:54;
505;26/04/2022 18:28;26/04/2022 18:28;603;41;12:52;
506;26/04/2022 18:28;26/04/2022 18:28;603;41;13:50;
507;26/04/2022 18:28;26/04/2022 18:28;603;41;14:48;
508;26/04/2022 18:28;26/04/2022 18:28;603;41;15:46;
509;26/04/2022 18:28;26/04/2022 18:28;603;41;16:44;
510;26/04/2022 18:28;26/04/2022 18:28;603;41;17:42;
511;26/04/2022 18:28;26/04/2022 18:28;603;41;18:40;
512;26/04/2022 18:28;26/04/2022 18:28;603;41;19:38;
513;26/04/2022 18:28;26/04/2022 18:28;604;40;05:50;
514;26/04/2022 18:28;26/04/2022 18:28;604;40;06:30;
515;26/04/2022 18:28;26/04/2022 18:28;604;40;07:10;
516;26/04/2022 18:28;26/04/2022 18:28;604;40;07:50;
517;26/04/2022 18:28;26/04/2022 18:28;604;40;08:30;
518;26/04/2022 18:28;26/04/2022 18:28;604;40;09:10;
519;26/04/2022 18:28;26/04/2022 18:28;604;40;09:50;
520;26/04/2022 18:28;26/04/2022 18:28;604;40;10:30;
521;26/04/2022 18:28;26/04/2022 18:28;604;40;11:10;
522;26/04/2022 18:28;26/04/2022 18:28;604;40;11:50;
523;26/04/2022 18:28;26/04/2022 18:28;604;40;12:30;
524;26/04/2022 18:28;26/04/2022 18:28;604;40;13:10;
525;26/04/2022 18:28;26/04/2022 18:28;604;40;13:50;
526;26/04/2022 18:28;26/04/2022 18:28;604;40;14:30;
527;26/04/2022 18:28;26/04/2022 18:28;604;40;15:10;
528;26/04/2022 18:28;26/04/2022 18:28;604;40;15:52;
529;26/04/2022 18:28;26/04/2022 18:28;604;40;16:34;
530;26/04/2022 18:28;26/04/2022 18:28;604;40;17:16;
531;26/04/2022 18:28;26/04/2022 18:28;604;40;17:58;
532;26/04/2022 18:28;26/04/2022 18:28;604;40;18:40;
533;26/04/2022 18:28;26/04/2022 18:28;103;81;06:30;
534;26/04/2022 18:28;26/04/2022 18:28;103;81;08:00;
535;26/04/2022 18:28;26/04/2022 18:28;103;81;09:30;
536;26/04/2022 18:28;26/04/2022 18:28;103;81;11:00;
537;26/04/2022 18:28;26/04/2022 18:28;103;81;12:30;
538;26/04/2022 18:28;26/04/2022 18:28;103;81;14:00;
539;26/04/2022 18:28;26/04/2022 18:28;103;81;15:30;
540;26/04/2022 18:28;26/04/2022 18:28;103;81;17:00;
541;26/04/2022 18:28;26/04/2022 18:28;103;81;18:30;
542;26/04/2022 18:28;26/04/2022 18:28;103;81;20:00;
543;26/04/2022 18:28;26/04/2022 18:28;104;80;05:10;
544;26/04/2022 18:28;26/04/2022 18:28;104;80;05:35;
545;26/04/2022 18:28;26/04/2022 18:28;104;80;06:00;
546;26/04/2022 18:28;26/04/2022 18:28;104;80;06:25;
547;26/04/2022 18:28;26/04/2022 18:28;104;80;06:50;
548;26/04/2022 18:28;26/04/2022 18:28;104;80;07:15;
549;26/04/2022 18:28;26/04/2022 18:28;104;80;07:40;
550;26/04/2022 18:28;26/04/2022 18:28;104;80;08:05;
551;26/04/2022 18:28;26/04/2022 18:28;104;80;08:30;
552;26/04/2022 18:28;26/04/2022 18:28;104;80;08:55;
553;26/04/2022 18:28;26/04/2022 18:28;104;80;09:25;
554;26/04/2022 18:28;26/04/2022 18:28;104;80;09:55;
555;26/04/2022 18:28;26/04/2022 18:28;104;80;10:25;
556;26/04/2022 18:28;26/04/2022 18:28;104;80;10:55;
557;26/04/2022 18:28;26/04/2022 18:28;104;80;11:25;
558;26/04/2022 18:28;26/04/2022 18:28;104;80;12:35;
559;26/04/2022 18:28;26/04/2022 18:28;104;80;13:20;
560;26/04/2022 18:28;26/04/2022 18:28;104;80;13:55;
561;26/04/2022 18:28;26/04/2022 18:28;104;80;14:25;
562;26/04/2022 18:28;26/04/2022 18:28;104;80;14:55;
563;26/04/2022 18:28;26/04/2022 18:28;104;80;15:40;
564;26/04/2022 18:28;26/04/2022 18:28;104;80;16:15;
565;26/04/2022 18:28;26/04/2022 18:28;104;80;16:35;
566;26/04/2022 18:28;26/04/2022 18:28;104;80;17:05;
567;26/04/2022 18:28;26/04/2022 18:28;104;80;17:35;
568;26/04/2022 18:28;26/04/2022 18:28;104;80;18:00;
569;26/04/2022 18:28;26/04/2022 18:28;104;80;18:55;
570;26/04/2022 18:28;26/04/2022 18:28;104;80;19:25;
571;26/04/2022 18:28;26/04/2022 18:28;104;80;20:00;
572;26/04/2022 18:28;26/04/2022 18:28;104;80;21:40;
573;26/04/2022 18:28;26/04/2022 18:28;106;78;06:00;
574;26/04/2022 18:28;26/04/2022 18:28;106;78;08:20;
575;26/04/2022 18:28;26/04/2022 18:28;106;78;10:40;
576;26/04/2022 18:28;26/04/2022 18:28;106;78;12:40;
577;26/04/2022 18:28;26/04/2022 18:28;106;78;14:40;
578;26/04/2022 18:28;26/04/2022 18:28;106;78;17:15;
579;26/04/2022 18:28;26/04/2022 18:28;106;78;19:30;
580;26/04/2022 18:28;26/04/2022 18:28;106;78;21:30;
581;26/04/2022 18:28;26/04/2022 18:28;109;76;05:30;
582;26/04/2022 18:28;26/04/2022 18:28;109;76;06:45;
583;26/04/2022 18:28;26/04/2022 18:28;109;76;08:00;
584;26/04/2022 18:28;26/04/2022 18:28;109;76;09:15;
585;26/04/2022 18:28;26/04/2022 18:28;109;76;10:30;
586;26/04/2022 18:28;26/04/2022 18:28;109;76;11:45;
587;26/04/2022 18:28;26/04/2022 18:28;109;76;16:00;
588;26/04/2022 18:28;26/04/2022 18:28;109;76;18:30;
589;26/04/2022 18:28;26/04/2022 18:28;109;76;21:00;
590;26/04/2022 18:28;26/04/2022 18:28;109;76;23:20;
591;26/04/2022 18:28;26/04/2022 18:28;201;74;05:30;
592;26/04/2022 18:28;26/04/2022 18:28;201;74;06:30;
593;26/04/2022 18:28;26/04/2022 18:28;201;74;07:30;
594;26/04/2022 18:28;26/04/2022 18:28;201;74;08:30;
595;26/04/2022 18:28;26/04/2022 18:28;201;74;09:30;
596;26/04/2022 18:28;26/04/2022 18:28;201;74;10:30;
597;26/04/2022 18:28;26/04/2022 18:28;201;74;11:30;
598;26/04/2022 18:28;26/04/2022 18:28;201;74;12:30;
599;26/04/2022 18:28;26/04/2022 18:28;201;74;13:30;
600;26/04/2022 18:28;26/04/2022 18:28;201;74;14:30;
601;26/04/2022 18:28;26/04/2022 18:28;201;74;15:30;
602;26/04/2022 18:28;26/04/2022 18:28;201;74;16:50;
603;26/04/2022 18:28;26/04/2022 18:28;201;74;17:30;
604;26/04/2022 18:28;26/04/2022 18:28;201;74;18:50;
605;26/04/2022 18:28;26/04/2022 18:28;201;74;20:50;
606;26/04/2022 18:28;26/04/2022 18:28;202;73;05:50;
607;26/04/2022 18:28;26/04/2022 18:28;202;73;06:20;
608;26/04/2022 18:28;26/04/2022 18:28;202;73;06:50;
609;26/04/2022 18:28;26/04/2022 18:28;202;73;07:20;
610;26/04/2022 18:28;26/04/2022 18:28;202;73;07:50;
611;26/04/2022 18:28;26/04/2022 18:28;202;73;08:20;
612;26/04/2022 18:28;26/04/2022 18:28;202;73;09:20;
613;26/04/2022 18:28;26/04/2022 18:28;202;73;09:50;
614;26/04/2022 18:28;26/04/2022 18:28;202;73;10:20;
615;26/04/2022 18:28;26/04/2022 18:28;202;73;10:50;
616;26/04/2022 18:28;26/04/2022 18:28;202;73;11:20;
617;26/04/2022 18:28;26/04/2022 18:28;202;73;12:20;
618;26/04/2022 18:28;26/04/2022 18:28;202;73;13:20;
619;26/04/2022 18:28;26/04/2022 18:28;202;73;14:00;
620;26/04/2022 18:28;26/04/2022 18:28;202;73;14:40;
621;26/04/2022 18:28;26/04/2022 18:28;202;73;15:20;
622;26/04/2022 18:28;26/04/2022 18:28;202;73;16:00;
623;26/04/2022 18:28;26/04/2022 18:28;202;73;16:40;
624;26/04/2022 18:28;26/04/2022 18:28;202;73;17:20;
625;26/04/2022 18:28;26/04/2022 18:28;202;73;18:00;
626;26/04/2022 18:28;26/04/2022 18:28;202;73;18:40;
627;26/04/2022 18:28;26/04/2022 18:28;202;73;19:20;
628;26/04/2022 18:28;26/04/2022 18:28;202;73;20:00;
629;26/04/2022 18:28;26/04/2022 18:28;203;72;05:40;
630;26/04/2022 18:28;26/04/2022 18:28;203;72;06:50;
631;26/04/2022 18:28;26/04/2022 18:28;203;72;08:00;
632;26/04/2022 18:28;26/04/2022 18:28;203;72;09:10;
633;26/04/2022 18:28;26/04/2022 18:28;203;72;10:20;
634;26/04/2022 18:28;26/04/2022 18:28;203;72;11:30;
635;26/04/2022 18:28;26/04/2022 18:28;203;72;12:40;
636;26/04/2022 18:28;26/04/2022 18:28;203;72;13:50;
637;26/04/2022 18:28;26/04/2022 18:28;203;72;16:10;
638;26/04/2022 18:28;26/04/2022 18:28;203;72;18:30;
639;26/04/2022 18:28;26/04/2022 18:28;203;72;20:50;
640;26/04/2022 18:28;26/04/2022 18:28;204;71;05:40;
641;26/04/2022 18:28;26/04/2022 18:28;204;71;06:05;
642;26/04/2022 18:28;26/04/2022 18:28;204;71;06:30;
643;26/04/2022 18:28;26/04/2022 18:28;204;71;06:55;
644;26/04/2022 18:28;26/04/2022 18:28;204;71;07:15;
645;26/04/2022 18:28;26/04/2022 18:28;204;71;07:40;
646;26/04/2022 18:28;26/04/2022 18:28;204;71;08:05;
647;26/04/2022 18:28;26/04/2022 18:28;204;71;08:30;
648;26/04/2022 18:28;26/04/2022 18:28;204;71;09:00;
649;26/04/2022 18:28;26/04/2022 18:28;204;71;09:30;
650;26/04/2022 18:28;26/04/2022 18:28;204;71;10:00;
651;26/04/2022 18:28;26/04/2022 18:28;204;71;10:25;
652;26/04/2022 18:28;26/04/2022 18:28;204;71;10:50;
653;26/04/2022 18:28;26/04/2022 18:28;204;71;11:15;
654;26/04/2022 18:28;26/04/2022 18:28;204;71;11:40;
655;26/04/2022 18:28;26/04/2022 18:28;204;71;12:05;
656;26/04/2022 18:28;26/04/2022 18:28;204;71;12:30;
657;26/04/2022 18:28;26/04/2022 18:28;204;71;13:00;
658;26/04/2022 18:28;26/04/2022 18:28;204;71;13:40;
659;26/04/2022 18:28;26/04/2022 18:28;204;71;14:05;
660;26/04/2022 18:28;26/04/2022 18:28;204;71;14:30;
661;26/04/2022 18:28;26/04/2022 18:28;204;71;15:00;
662;26/04/2022 18:28;26/04/2022 18:28;204;71;15:25;
663;26/04/2022 18:28;26/04/2022 18:28;204;71;15:50;
664;26/04/2022 18:28;26/04/2022 18:28;204;71;16:15;
665;26/04/2022 18:28;26/04/2022 18:28;204;71;16:40;
666;26/04/2022 18:28;26/04/2022 18:28;204;71;17:30;
667;26/04/2022 18:28;26/04/2022 18:28;204;71;17:55;
668;26/04/2022 18:28;26/04/2022 18:28;204;71;18:25;
669;26/04/2022 18:28;26/04/2022 18:28;204;71;18:50;
670;26/04/2022 18:28;26/04/2022 18:28;204;71;19:15;
671;26/04/2022 18:28;26/04/2022 18:28;204;71;20:00;
672;26/04/2022 18:28;26/04/2022 18:28;204;71;20:05;
673;26/04/2022 18:28;26/04/2022 18:28;204;71;22:00;
674;26/04/2022 18:28;26/04/2022 18:28;206;70;06:00;
675;26/04/2022 18:28;26/04/2022 18:28;206;70;07:40;
676;26/04/2022 18:28;26/04/2022 18:28;206;70;09:30;
677;26/04/2022 18:28;26/04/2022 18:28;206;70;12:00;
678;26/04/2022 18:28;26/04/2022 18:28;206;70;14:20;
679;26/04/2022 18:28;26/04/2022 18:28;206;70;15:40;
680;26/04/2022 18:28;26/04/2022 18:28;206;70;17:40;
681;26/04/2022 18:28;26/04/2022 18:28;206;70;19:20;
682;26/04/2022 18:28;26/04/2022 18:28;206;70;21:05;
683;26/04/2022 18:28;26/04/2022 18:28;301;67;05:50;
684;26/04/2022 18:28;26/04/2022 18:28;301;67;06:08;
685;26/04/2022 18:28;26/04/2022 18:28;301;67;06:26;
686;26/04/2022 18:28;26/04/2022 18:28;301;67;06:44;
687;26/04/2022 18:28;26/04/2022 18:28;301;67;07:02;
688;26/04/2022 18:28;26/04/2022 18:28;301;67;07:20;
689;26/04/2022 18:28;26/04/2022 18:28;301;67;07:38;
690;26/04/2022 18:28;26/04/2022 18:28;301;67;07:56;
691;26/04/2022 18:28;26/04/2022 18:28;301;67;08:14;
692;26/04/2022 18:28;26/04/2022 18:28;301;67;08:32;
693;26/04/2022 18:28;26/04/2022 18:28;301;67;08:50;
694;26/04/2022 18:28;26/04/2022 18:28;301;67;09:08;
695;26/04/2022 18:28;26/04/2022 18:28;301;67;09:26;
696;26/04/2022 18:28;26/04/2022 18:28;301;67;09:44;
697;26/04/2022 18:28;26/04/2022 18:28;301;67;10:02;
698;26/04/2022 18:28;26/04/2022 18:28;301;67;10:20;
699;26/04/2022 18:28;26/04/2022 18:28;301;67;10:38;
700;26/04/2022 18:28;26/04/2022 18:28;301;67;10:56;
701;26/04/2022 18:28;26/04/2022 18:28;301;67;11:14;
702;26/04/2022 18:28;26/04/2022 18:28;301;67;11:32;
703;26/04/2022 18:28;26/04/2022 18:28;301;67;11:50;
704;26/04/2022 18:28;26/04/2022 18:28;301;67;12:08;
705;26/04/2022 18:28;26/04/2022 18:28;301;67;12:26;
706;26/04/2022 18:28;26/04/2022 18:28;301;67;12:44;
707;26/04/2022 18:28;26/04/2022 18:28;301;67;13:02;
708;26/04/2022 18:28;26/04/2022 18:28;301;67;13:10;
709;26/04/2022 18:28;26/04/2022 18:28;301;67;13:30;
710;26/04/2022 18:28;26/04/2022 18:28;301;67;14:00;
711;26/04/2022 18:28;26/04/2022 18:28;301;67;14:30;
712;26/04/2022 18:28;26/04/2022 18:28;301;67;15:00;
713;26/04/2022 18:28;26/04/2022 18:28;301;67;15:10;
714;26/04/2022 18:28;26/04/2022 18:28;301;67;15:30;
715;26/04/2022 18:28;26/04/2022 18:28;301;67;15:55;
716;26/04/2022 18:28;26/04/2022 18:28;301;67;16:20;
717;26/04/2022 18:28;26/04/2022 18:28;301;67;16:40;
718;26/04/2022 18:28;26/04/2022 18:28;301;67;17:00;
719;26/04/2022 18:28;26/04/2022 18:28;301;67;17:20;
720;26/04/2022 18:28;26/04/2022 18:28;301;67;17:40;
721;26/04/2022 18:28;26/04/2022 18:28;301;67;18:00;
722;26/04/2022 18:28;26/04/2022 18:28;301;67;18:30;
723;26/04/2022 18:28;26/04/2022 18:28;301;67;19:00;
724;26/04/2022 18:28;26/04/2022 18:28;301;67;19:10;
725;26/04/2022 18:28;26/04/2022 18:28;301;67;19:30;
726;26/04/2022 18:28;26/04/2022 18:28;301;67;20:00;
727;26/04/2022 18:28;26/04/2022 18:28;301;67;20:20;
728;26/04/2022 18:28;26/04/2022 18:28;301;67;21:00;
729;26/04/2022 18:28;26/04/2022 18:28;302;66;06:00;
730;26/04/2022 18:28;26/04/2022 18:28;302;66;06:30;
731;26/04/2022 18:28;26/04/2022 18:28;302;66;07:00;
732;26/04/2022 18:28;26/04/2022 18:28;302;66;07:30;
733;26/04/2022 18:28;26/04/2022 18:28;302;66;08:00;
734;26/04/2022 18:28;26/04/2022 18:28;302;66;08:30;
735;26/04/2022 18:28;26/04/2022 18:28;302;66;09:05;
736;26/04/2022 18:28;26/04/2022 18:28;302;66;09:40;
737;26/04/2022 18:28;26/04/2022 18:28;302;66;10:15;
738;26/04/2022 18:28;26/04/2022 18:28;302;66;10:50;
739;26/04/2022 18:28;26/04/2022 18:28;302;66;11:25;
740;26/04/2022 18:28;26/04/2022 18:28;302;66;12:00;
741;26/04/2022 18:28;26/04/2022 18:28;302;66;12:50;
742;26/04/2022 18:28;26/04/2022 18:28;302;66;12:50;
743;26/04/2022 18:28;26/04/2022 18:28;302;66;14:30;
744;26/04/2022 18:28;26/04/2022 18:28;302;66;16:00;
745;26/04/2022 18:28;26/04/2022 18:28;302;66;16:50;
746;26/04/2022 18:28;26/04/2022 18:28;302;66;17:40;
747;26/04/2022 18:28;26/04/2022 18:28;302;66;18:30;
748;26/04/2022 18:28;26/04/2022 18:28;302;66;19:20;
749;26/04/2022 18:28;26/04/2022 18:28;302;66;20:10;
750;26/04/2022 18:28;26/04/2022 18:28;302;66;20:40;
751;26/04/2022 18:28;26/04/2022 18:28;302;66;21:40;
752;26/04/2022 18:28;26/04/2022 18:28;302;66;23:10;
753;26/04/2022 18:28;26/04/2022 18:28;303;65;05:40;
754;26/04/2022 18:28;26/04/2022 18:28;303;65;06:00;
755;26/04/2022 18:28;26/04/2022 18:28;303;65;06:25;
756;26/04/2022 18:28;26/04/2022 18:28;303;65;06:50;
757;26/04/2022 18:28;26/04/2022 18:28;303;65;07:15;
758;26/04/2022 18:28;26/04/2022 18:28;303;65;07:40;
759;26/04/2022 18:28;26/04/2022 18:28;303;65;08:05;
760;26/04/2022 18:28;26/04/2022 18:28;303;65;08:30;
761;26/04/2022 18:28;26/04/2022 18:28;303;65;08:57;
762;26/04/2022 18:28;26/04/2022 18:28;303;65;09:24;
763;26/04/2022 18:28;26/04/2022 18:28;303;65;09:51;
764;26/04/2022 18:28;26/04/2022 18:28;303;65;10:18;
765;26/04/2022 18:28;26/04/2022 18:28;303;65;10:45;
766;26/04/2022 18:28;26/04/2022 18:28;303;65;11:12;
767;26/04/2022 18:28;26/04/2022 18:28;303;65;11:39;
768;26/04/2022 18:28;26/04/2022 18:28;303;65;12:06;
769;26/04/2022 18:28;26/04/2022 18:28;303;65;12:35;
770;26/04/2022 18:28;26/04/2022 18:28;303;65;13:00;
771;26/04/2022 18:28;26/04/2022 18:28;303;65;13:36;
772;26/04/2022 18:28;26/04/2022 18:28;303;65;14:12;
773;26/04/2022 18:28;26/04/2022 18:28;303;65;14:48;
774;26/04/2022 18:28;26/04/2022 18:28;303;65;15:24;
775;26/04/2022 18:28;26/04/2022 18:28;303;65;16:00;
776;26/04/2022 18:28;26/04/2022 18:28;303;65;16:36;
777;26/04/2022 18:28;26/04/2022 18:28;303;65;17:12;
778;26/04/2022 18:28;26/04/2022 18:28;303;65;17:38;
779;26/04/2022 18:28;26/04/2022 18:28;303;65;18:14;
780;26/04/2022 18:28;26/04/2022 18:28;303;65;18:50;
781;26/04/2022 18:28;26/04/2022 18:28;303;65;19:26;
782;26/04/2022 18:28;26/04/2022 18:28;303;65;20:00;
783;26/04/2022 18:28;26/04/2022 18:28;303;65;20:40;
784;26/04/2022 18:28;26/04/2022 18:28;303;65;21:10;
785;26/04/2022 18:28;26/04/2022 18:28;563;;06:00;
786;26/04/2022 18:28;26/04/2022 18:28;563;;08:00;
787;26/04/2022 18:28;26/04/2022 18:28;563;;10:00;
788;26/04/2022 18:28;26/04/2022 18:28;563;;12:00;
789;26/04/2022 18:28;26/04/2022 18:28;563;;14:00;
790;26/04/2022 18:28;26/04/2022 18:28;563;;16:00;
791;26/04/2022 18:28;26/04/2022 18:28;563;;18:00;
792;26/04/2022 18:28;26/04/2022 18:28;245;69;05:20;
793;26/04/2022 18:28;26/04/2022 18:28;245;69;05:40;
794;26/04/2022 18:28;26/04/2022 18:28;245;69;05:55;
795;26/04/2022 18:28;26/04/2022 18:28;245;69;06:10;
796;26/04/2022 18:28;26/04/2022 18:28;245;69;06:25;
797;26/04/2022 18:28;26/04/2022 18:28;245;69;06:45;
798;26/04/2022 18:28;26/04/2022 18:28;245;69;07:05;
799;26/04/2022 18:28;26/04/2022 18:28;245;69;07:30;
800;26/04/2022 18:28;26/04/2022 18:28;245;69;07:50;
801;26/04/2022 18:28;26/04/2022 18:28;245;69;08:05;
802;26/04/2022 18:28;26/04/2022 18:28;245;69;08:20;
803;26/04/2022 18:28;26/04/2022 18:28;245;69;08:35;
804;26/04/2022 18:28;26/04/2022 18:28;245;69;08:50;
805;26/04/2022 18:28;26/04/2022 18:28;245;69;09:15;
806;26/04/2022 18:28;26/04/2022 18:28;245;69;09:40;
807;26/04/2022 18:28;26/04/2022 18:28;245;69;10:00;
808;26/04/2022 18:28;26/04/2022 18:28;245;69;10:15;
809;26/04/2022 18:28;26/04/2022 18:28;245;69;10:30;
810;26/04/2022 18:28;26/04/2022 18:28;245;69;10:45;
811;26/04/2022 18:28;26/04/2022 18:28;245;69;11:05;
812;26/04/2022 18:28;26/04/2022 18:28;245;69;11:30;
813;26/04/2022 18:28;26/04/2022 18:28;245;69;12:00;
814;26/04/2022 18:28;26/04/2022 18:28;245;69;12:20;
815;26/04/2022 18:28;26/04/2022 18:28;245;69;12:40;
816;26/04/2022 18:28;26/04/2022 18:28;245;69;13:00;
817;26/04/2022 18:28;26/04/2022 18:28;245;69;13:20;
818;26/04/2022 18:28;26/04/2022 18:28;245;69;13:40;
819;26/04/2022 18:28;26/04/2022 18:28;245;69;14:10;
820;26/04/2022 18:28;26/04/2022 18:28;245;69;14:30;
821;26/04/2022 18:28;26/04/2022 18:28;245;69;14:50;
822;26/04/2022 18:28;26/04/2022 18:28;245;69;15:10;
823;26/04/2022 18:28;26/04/2022 18:28;245;69;15:30;
824;26/04/2022 18:28;26/04/2022 18:28;245;69;15:50;
825;26/04/2022 18:28;26/04/2022 18:28;245;69;16:10;
826;26/04/2022 18:28;26/04/2022 18:28;245;69;16:25;
827;26/04/2022 18:28;26/04/2022 18:28;245;69;16:40;
828;26/04/2022 18:28;26/04/2022 18:28;245;69;17:00;
829;26/04/2022 18:28;26/04/2022 18:28;245;69;17:20;
830;26/04/2022 18:28;26/04/2022 18:28;245;69;17:40;
831;26/04/2022 18:28;26/04/2022 18:28;245;69;18:10;
832;26/04/2022 18:28;26/04/2022 18:28;245;69;18:45;
833;26/04/2022 18:28;26/04/2022 18:28;245;69;21:20;
834;26/04/2022 18:28;26/04/2022 18:28;365;;06:00;
835;26/04/2022 18:28;26/04/2022 18:28;365;;07:10;
836;26/04/2022 18:28;26/04/2022 18:28;365;;08:20;
837;26/04/2022 18:28;26/04/2022 18:28;365;;10:30;
838;26/04/2022 18:28;26/04/2022 18:28;365;;13:10;
839;26/04/2022 18:28;26/04/2022 18:28;365;;15:30;
840;26/04/2022 18:28;26/04/2022 18:28;365;;17:50;
841;26/04/2022 18:28;26/04/2022 18:28;401;63;06:00;
842;26/04/2022 18:28;26/04/2022 18:28;401;63;07:25;
843;26/04/2022 18:28;26/04/2022 18:28;401;63;08:50;
844;26/04/2022 18:28;26/04/2022 18:28;401;63;10:15;
845;26/04/2022 18:28;26/04/2022 18:28;401;63;11:40;
846;26/04/2022 18:28;26/04/2022 18:28;401;63;13:10;
847;26/04/2022 18:28;26/04/2022 18:28;401;63;14:40;
848;26/04/2022 18:28;26/04/2022 18:28;401;63;16:10;
849;26/04/2022 18:28;26/04/2022 18:28;401;63;17:40;
850;26/04/2022 18:28;26/04/2022 18:28;401;63;19:10;
851;26/04/2022 18:28;26/04/2022 18:28;401;63;20:35;
852;26/04/2022 18:28;26/04/2022 18:28;402;62;05:30;
853;26/04/2022 18:28;26/04/2022 18:28;402;62;05:50;
854;26/04/2022 18:28;26/04/2022 18:28;402;62;06:15;
855;26/04/2022 18:28;26/04/2022 18:28;402;62;06:25;
856;26/04/2022 18:28;26/04/2022 18:28;402;62;06:50;
857;26/04/2022 18:28;26/04/2022 18:28;402;62;07:05;
858;26/04/2022 18:28;26/04/2022 18:28;402;62;07:35;
859;26/04/2022 18:28;26/04/2022 18:28;402;62;08:00;
860;26/04/2022 18:28;26/04/2022 18:28;402;62;08:15;
861;26/04/2022 18:28;26/04/2022 18:28;402;62;08:35;
862;26/04/2022 18:28;26/04/2022 18:28;402;62;09:00;
863;26/04/2022 18:28;26/04/2022 18:28;402;62;09:25;
864;26/04/2022 18:28;26/04/2022 18:28;402;62;10:05;
865;26/04/2022 18:28;26/04/2022 18:28;402;62;10:20;
866;26/04/2022 18:28;26/04/2022 18:28;402;62;10:40;
867;26/04/2022 18:28;26/04/2022 18:28;402;62;11:05;
868;26/04/2022 18:28;26/04/2022 18:28;402;62;11:40;
869;26/04/2022 18:28;26/04/2022 18:28;402;62;12:00;
870;26/04/2022 18:28;26/04/2022 18:28;402;62;12:30;
871;26/04/2022 18:28;26/04/2022 18:28;402;62;13:00;
872;26/04/2022 18:28;26/04/2022 18:28;402;62;13:40;
873;26/04/2022 18:28;26/04/2022 18:28;402;62;14:10;
874;26/04/2022 18:28;26/04/2022 18:28;402;62;14:40;
875;26/04/2022 18:28;26/04/2022 18:28;402;62;15:20;
876;26/04/2022 18:28;26/04/2022 18:28;402;62;15:40;
877;26/04/2022 18:28;26/04/2022 18:28;402;62;16:00;
878;26/04/2022 18:28;26/04/2022 18:28;402;62;16:30;
879;26/04/2022 18:28;26/04/2022 18:28;402;62;17:10;
880;26/04/2022 18:28;26/04/2022 18:28;402;62;17:20;
881;26/04/2022 18:28;26/04/2022 18:28;402;62;17:40;
882;26/04/2022 18:28;26/04/2022 18:28;402;62;18:10;
883;26/04/2022 18:28;26/04/2022 18:28;402;62;18:40;
884;26/04/2022 18:28;26/04/2022 18:28;402;62;19:00;
885;26/04/2022 18:28;26/04/2022 18:28;402;62;20:40;
886;26/04/2022 18:28;26/04/2022 18:28;403;61;05:40;
887;26/04/2022 18:28;26/04/2022 18:28;403;61;06:30;
888;26/04/2022 18:28;26/04/2022 18:28;403;61;07:10;
889;26/04/2022 18:28;26/04/2022 18:28;403;61;08:20;
890;26/04/2022 18:28;26/04/2022 18:28;403;61;09:10;
891;26/04/2022 18:28;26/04/2022 18:28;403;61;10:00;
892;26/04/2022 18:28;26/04/2022 18:28;403;61;10:50;
893;26/04/2022 18:28;26/04/2022 18:28;403;61;11:40;
894;26/04/2022 18:28;26/04/2022 18:28;403;61;12:40;
895;26/04/2022 18:28;26/04/2022 18:28;403;61;13:30;
896;26/04/2022 18:28;26/04/2022 18:28;403;61;14:30;
897;26/04/2022 18:28;26/04/2022 18:28;403;61;15:10;
898;26/04/2022 18:28;26/04/2022 18:28;403;61;16:20;
899;26/04/2022 18:28;26/04/2022 18:28;403;61;16:50;
900;26/04/2022 18:28;26/04/2022 18:28;403;61;18:30;
901;26/04/2022 18:28;26/04/2022 18:28;403;61;20:50;
902;26/04/2022 18:28;26/04/2022 18:28;404;60;05:30;
903;26/04/2022 18:28;26/04/2022 18:28;404;60;06:20;
904;26/04/2022 18:28;26/04/2022 18:28;404;60;07:10;
905;26/04/2022 18:28;26/04/2022 18:28;404;60;08:00;
906;26/04/2022 18:28;26/04/2022 18:28;404;60;08:55;
907;26/04/2022 18:28;26/04/2022 18:28;404;60;09:45;
908;26/04/2022 18:28;26/04/2022 18:28;404;60;10:40;
909;26/04/2022 18:28;26/04/2022 18:28;404;60;11:30;
910;26/04/2022 18:28;26/04/2022 18:28;404;60;12:30;
911;26/04/2022 18:28;26/04/2022 18:28;404;60;14:10;
912;26/04/2022 18:28;26/04/2022 18:28;404;60;15:40;
913;26/04/2022 18:28;26/04/2022 18:28;404;60;16:20;
914;26/04/2022 18:28;26/04/2022 18:28;404;60;17:30;
915;26/04/2022 18:28;26/04/2022 18:28;404;60;18:10;
916;26/04/2022 18:28;26/04/2022 18:28;404;60;19:50;
917;26/04/2022 18:28;26/04/2022 18:28;404;60;21:30;
918;26/04/2022 18:28;26/04/2022 18:28;405;;07:10;
919;26/04/2022 18:28;26/04/2022 18:28;405;;09:10;
920;26/04/2022 18:28;26/04/2022 18:28;405;;11:20;
921;26/04/2022 18:28;26/04/2022 18:28;405;;17:10;
922;26/04/2022 18:28;26/04/2022 18:28;405;;19:30;
923;26/04/2022 18:28;26/04/2022 18:28;405;;21:30;
924;26/04/2022 18:28;26/04/2022 18:28;501;59;05:40;
925;26/04/2022 18:28;26/04/2022 18:28;501;59;06:00;
926;26/04/2022 18:28;26/04/2022 18:28;501;59;06:30;
927;26/04/2022 18:28;26/04/2022 18:28;501;59;07:00;
928;26/04/2022 18:28;26/04/2022 18:28;501;59;08:00;
929;26/04/2022 18:28;26/04/2022 18:28;501;59;08:30;
930;26/04/2022 18:28;26/04/2022 18:28;501;59;08:50;
931;26/04/2022 18:28;26/04/2022 18:28;501;59;09:45;
932;26/04/2022 18:28;26/04/2022 18:28;501;59;10:15;
933;26/04/2022 18:28;26/04/2022 18:28;501;59;10:30;
934;26/04/2022 18:28;26/04/2022 18:28;501;59;11:30;
935;26/04/2022 18:28;26/04/2022 18:28;501;59;12:00;
936;26/04/2022 18:28;26/04/2022 18:28;501;59;12:20;
937;26/04/2022 18:28;26/04/2022 18:28;501;59;13:20;
938;26/04/2022 18:28;26/04/2022 18:28;501;59;14:10;
939;26/04/2022 18:28;26/04/2022 18:28;501;59;15:10;
940;26/04/2022 18:28;26/04/2022 18:28;501;59;16:00;
941;26/04/2022 18:28;26/04/2022 18:28;501;59;16:45;
942;26/04/2022 18:28;26/04/2022 18:28;501;59;17:00;
943;26/04/2022 18:28;26/04/2022 18:28;501;59;18:30;
944;26/04/2022 18:28;26/04/2022 18:28;501;59;18:40;
945;26/04/2022 18:28;26/04/2022 18:28;501;59;20:10;
946;26/04/2022 18:28;26/04/2022 18:28;501;59;21:40;
947;26/04/2022 18:28;26/04/2022 18:28;502;58;05:40;
948;26/04/2022 18:28;26/04/2022 18:28;502;58;06:30;
949;26/04/2022 18:28;26/04/2022 18:28;502;58;07:10;
950;26/04/2022 18:28;26/04/2022 18:28;502;58;08:00;
951;26/04/2022 18:28;26/04/2022 18:28;502;58;09:00;
952;26/04/2022 18:28;26/04/2022 18:28;502;58;09:30;
953;26/04/2022 18:28;26/04/2022 18:28;502;58;10:20;
954;26/04/2022 18:28;26/04/2022 18:28;502;58;11:20;
955;26/04/2022 18:28;26/04/2022 18:28;502;58;12:40;
956;26/04/2022 18:28;26/04/2022 18:28;502;58;13:40;
957;26/04/2022 18:28;26/04/2022 18:28;502;58;15:00;
958;26/04/2022 18:28;26/04/2022 18:28;502;58;16:10;
959;26/04/2022 18:28;26/04/2022 18:28;502;58;17:30;
960;26/04/2022 18:28;26/04/2022 18:28;502;58;18:40;
961;26/04/2022 18:28;26/04/2022 18:28;502;58;21:00;
962;26/04/2022 18:28;26/04/2022 18:28;503;57;05:30;
963;26/04/2022 18:28;26/04/2022 18:28;503;57;06:10;
964;26/04/2022 18:28;26/04/2022 18:28;503;57;06:40;
965;26/04/2022 18:28;26/04/2022 18:28;503;57;07:15;
966;26/04/2022 18:28;26/04/2022 18:28;503;57;07:00;
967;26/04/2022 18:28;26/04/2022 18:28;503;57;07:50;
968;26/04/2022 18:28;26/04/2022 18:28;503;57;08:25;
969;26/04/2022 18:28;26/04/2022 18:28;503;57;09:00;
970;26/04/2022 18:28;26/04/2022 18:28;503;57;09:35;
971;26/04/2022 18:28;26/04/2022 18:28;503;57;10:10;
972;26/04/2022 18:28;26/04/2022 18:28;503;57;10:45;
973;26/04/2022 18:28;26/04/2022 18:28;503;57;11:20;
974;26/04/2022 18:28;26/04/2022 18:28;503;57;11:55;
975;26/04/2022 18:28;26/04/2022 18:28;503;57;12:40;
976;26/04/2022 18:28;26/04/2022 18:28;503;57;13:30;
977;26/04/2022 18:28;26/04/2022 18:28;503;57;14:20;
978;26/04/2022 18:28;26/04/2022 18:28;503;57;15:20;
979;26/04/2022 18:28;26/04/2022 18:28;503;57;16:00;
980;26/04/2022 18:28;26/04/2022 18:28;503;57;16:30;
981;26/04/2022 18:28;26/04/2022 18:28;503;57;17:05;
982;26/04/2022 18:28;26/04/2022 18:28;503;57;17:50;
983;26/04/2022 18:28;26/04/2022 18:28;503;57;18:20;
984;26/04/2022 18:28;26/04/2022 18:28;503;57;19:00;
985;26/04/2022 18:28;26/04/2022 18:28;503;57;20:00;
986;26/04/2022 18:28;26/04/2022 18:28;503;57;21:30;
987;26/04/2022 18:28;26/04/2022 18:28;512;50;05:50;
988;26/04/2022 18:28;26/04/2022 18:28;512;50;06:30;
989;26/04/2022 18:28;26/04/2022 18:28;512;50;07:10;
990;26/04/2022 18:28;26/04/2022 18:28;512;50;07:55;
991;26/04/2022 18:28;26/04/2022 18:28;512;50;08:40;
992;26/04/2022 18:28;26/04/2022 18:28;512;50;10:05;
993;26/04/2022 18:28;26/04/2022 18:28;512;50;11:30;
994;26/04/2022 18:28;26/04/2022 18:28;512;50;13:00;
995;26/04/2022 18:28;26/04/2022 18:28;512;50;14:25;
996;26/04/2022 18:28;26/04/2022 18:28;512;50;15:50;
997;26/04/2022 18:28;26/04/2022 18:28;512;50;16:30;
998;26/04/2022 18:28;26/04/2022 18:28;512;50;17:20;
999;26/04/2022 18:28;26/04/2022 18:28;512;50;18:00;
1000;26/04/2022 18:28;26/04/2022 18:28;512;50;19:00;
1001;26/04/2022 18:28;26/04/2022 18:28;512;50;20:50;
1002;26/04/2022 18:28;26/04/2022 18:28;513;2;05:40;
1003;26/04/2022 18:28;26/04/2022 18:28;513;2;06:10;
1004;26/04/2022 18:28;26/04/2022 18:28;513;2;06:35;
1005;26/04/2022 18:28;26/04/2022 18:28;513;2;07:05;
1006;26/04/2022 18:28;26/04/2022 18:28;513;2;07:45;
1007;26/04/2022 18:28;26/04/2022 18:28;513;2;08:20;
1008;26/04/2022 18:28;26/04/2022 18:28;513;2;08:45;
1009;26/04/2022 18:28;26/04/2022 18:28;513;2;09:15;
1010;26/04/2022 18:28;26/04/2022 18:28;513;2;10:00;
1011;26/04/2022 18:28;26/04/2022 18:28;513;2;11:00;
1012;26/04/2022 18:28;26/04/2022 18:28;513;2;12:20;
1013;26/04/2022 18:28;26/04/2022 18:28;513;2;14:30;
1014;26/04/2022 18:28;26/04/2022 18:28;513;2;16:30;
1015;26/04/2022 18:28;26/04/2022 18:28;513;2;17:00;
1016;26/04/2022 18:28;26/04/2022 18:28;513;2;19:10;
1017;26/04/2022 18:28;26/04/2022 18:28;513;2;21:30;
1018;26/04/2022 18:28;26/04/2022 18:28;521;45;05:30;
1019;26/04/2022 18:28;26/04/2022 18:28;521;45;05:50;
1020;26/04/2022 18:28;26/04/2022 18:28;521;45;06:25;
1021;26/04/2022 18:28;26/04/2022 18:28;521;45;06:50;
1022;26/04/2022 18:28;26/04/2022 18:28;521;45;07:14;
1023;26/04/2022 18:28;26/04/2022 18:28;521;45;07:40;
1024;26/04/2022 18:28;26/04/2022 18:28;521;45;08:10;
1025;26/04/2022 18:28;26/04/2022 18:28;521;45;08:35;
1026;26/04/2022 18:28;26/04/2022 18:28;521;45;09:00;
1027;26/04/2022 18:28;26/04/2022 18:28;521;45;09:24;
1028;26/04/2022 18:28;26/04/2022 18:28;521;45;10:00;
1029;26/04/2022 18:28;26/04/2022 18:28;521;45;10:20;
1030;26/04/2022 18:28;26/04/2022 18:28;521;45;10:45;
1031;26/04/2022 18:28;26/04/2022 18:28;521;45;11:10;
1032;26/04/2022 18:28;26/04/2022 18:28;521;45;11:34;
1033;26/04/2022 18:28;26/04/2022 18:28;521;45;12:20;
1034;26/04/2022 18:28;26/04/2022 18:28;521;45;13:00;
1035;26/04/2022 18:28;26/04/2022 18:28;521;45;13:30;
1036;26/04/2022 18:28;26/04/2022 18:28;521;45;14:00;
1037;26/04/2022 18:28;26/04/2022 18:28;521;45;14:30;
1038;26/04/2022 18:28;26/04/2022 18:28;521;45;15:20;
1039;26/04/2022 18:28;26/04/2022 18:28;521;45;15:40;
1040;26/04/2022 18:28;26/04/2022 18:28;521;45;16:10;
1041;26/04/2022 18:28;26/04/2022 18:28;521;45;16:40;
1042;26/04/2022 18:28;26/04/2022 18:28;521;45;17:10;
1043;26/04/2022 18:28;26/04/2022 18:28;521;45;17:30;
1044;26/04/2022 18:28;26/04/2022 18:28;521;45;17:50;
1045;26/04/2022 18:28;26/04/2022 18:28;521;45;18:20;
1046;26/04/2022 18:28;26/04/2022 18:28;521;45;19:30;
1047;26/04/2022 18:28;26/04/2022 18:28;521;45;21:30;
1048;26/04/2022 18:28;26/04/2022 18:28;522;44;06:00;
1049;26/04/2022 18:28;26/04/2022 18:28;522;44;06:40;
1050;26/04/2022 18:28;26/04/2022 18:28;522;44;08:10;
1051;26/04/2022 18:28;26/04/2022 18:28;522;44;08:50;
1052;26/04/2022 18:28;26/04/2022 18:28;522;44;10:20;
1053;26/04/2022 18:28;26/04/2022 18:28;522;44;11:00;
1054;26/04/2022 18:28;26/04/2022 18:28;522;44;13:00;
1055;26/04/2022 18:28;26/04/2022 18:28;522;44;14:40;
1056;26/04/2022 18:28;26/04/2022 18:28;522;44;15:10;
1057;26/04/2022 18:28;26/04/2022 18:28;522;44;16:50;
1058;26/04/2022 18:28;26/04/2022 18:28;522;44;17:20;
1059;26/04/2022 18:28;26/04/2022 18:28;522;44;19:10;
1060;26/04/2022 18:28;26/04/2022 18:28;522;44;21:20;
1061;26/04/2022 18:28;26/04/2022 18:28;610;36;06:00;
1062;26/04/2022 18:28;26/04/2022 18:28;610;36;07:10;
1063;26/04/2022 18:28;26/04/2022 18:28;610;36;08:40;
1064;26/04/2022 18:28;26/04/2022 18:28;610;36;10:15;
1065;26/04/2022 18:28;26/04/2022 18:28;610;36;11:30;
1066;26/04/2022 18:28;26/04/2022 18:28;610;36;13:10;
1067;26/04/2022 18:28;26/04/2022 18:28;610;36;14:40;
1068;26/04/2022 18:28;26/04/2022 18:28;610;36;16:10;
1069;26/04/2022 18:28;26/04/2022 18:28;610;36;17:40;
1070;26/04/2022 18:28;26/04/2022 18:28;610;36;19:10;
1071;26/04/2022 18:28;26/04/2022 18:28;610;36;20:30;